"category_description","category_description","category_layout","category_layout","category_name","category_name","category_path","category_path","category_path_trans","category_path_trans","category_product_layout","category_product_layout","category_template","category_template","created_by","created_by","created_on","created_on","custom","custom","customtitle","customtitle","file_url","file_url","file_url_thumb","file_url_thumb","hits","hits","limit_list_initial","limit_list_initial","limit_list_step","limit_list_step","locked_by","locked_by","locked_on","locked_on","metaauthor","metaauthor","metadesc","metadesc","metakey","metakey","metarobot","metarobot","modified_by","modified_by","modified_on","modified_on","ordering","ordering","products_per_row","products_per_row","published","published","shared","shared","slug","slug","virtuemart_category_id","virtuemart_category_id","virtuemart_vendor_id","virtuemart_vendor_id"
"","","0","0","Canteleu 10/06 au 11/06","Canteleu 10/06 au 11/06","Canteleu 10/06 au 11/06","Canteleu 10/06 au 11/06","Canteleu 10/06 au 11/06","Canteleu 10/06 au 11/06","0","0","0","0","0","0","0000-00-00 00:00:00","0000-00-00 00:00:00","","","","","images/stories/virtuemart/category/equiseine-2010-guillon-calvaz.jpg","images/stories/virtuemart/category/equiseine-2010-guillon-calvaz.jpg","","","0","0","0","0","0","0","0","0","0000-00-00 00:00:00","0000-00-00 00:00:00","","","","","{mosmap address='40 Route de Sahurs, 76380, Canteleu, Haute-Normandie, Seine-Maritime, France'| zoom='15'| zoomType='Large'| zoomNew='1'| mapType='Hybrid'| showMaptype='1'| overview='1'| text='Home'}{mosmap address='17bis rue Emile Encontre 76600 LE HAVRE FRANCE'| zoom='15'| zoomType='Large'| zoomNew='1'| mapType='Hybrid'| showMaptype='1'| overview='1'| text='Home'}","{mosmap address='40 Route de Sahurs, 76380, Canteleu, Haute-Normandie, Seine-Maritime, France'| zoom='15'| zoomType='Large'| zoomNew='1'| mapType='Hybrid'| showMaptype='1'| overview='1'| text='Home'}{mosmap address='17bis rue Emile Encontre 76600 LE HAVRE FRANCE'| zoom='15'| zoomType='Large'| zoomNew='1'| mapType='Hybrid'| showMaptype='1'| overview='1'| text='Home'}","","","976","976","2014-06-05 11:52:17","2014-06-05 11:52:17","18","18","3","3","1","1","0","0","canteleu","canteleu","140","140","1","1"
"<p>01/ épreuve A</p>","<p>01/ épreuve A</p>","0","0","11/06","11/06","Canteleu 10/06 au 11/06/11/06","Canteleu 10/06 au 11/06/11/06","Canteleu 10/06 au 11/06/11/06","Canteleu 10/06 au 11/06/11/06","0","0","0","0","976","976","2014-06-04 15:00:57","2014-06-04 15:00:57","","","","","","","","","0","0","0","0","0","0","0","0","0000-00-00 00:00:00","0000-00-00 00:00:00","","","","","","","","","976","976","2014-06-04 15:01:15","2014-06-04 15:01:15","23","23","0","0","1","1","0","0","11-06","11-06","153","153","1","1"
"<p>01/épreuve a</p><p>02/épreuve b</p><p>03/épreuve c</p>","<p>01/épreuve a</p><p>02/épreuve b</p><p>03/épreuve c</p>","0","0","10/06","10/06","Canteleu 10/06 au 11/06/10/06","Canteleu 10/06 au 11/06/10/06","Canteleu 10/06 au 11/06/10/06","Canteleu 10/06 au 11/06/10/06","0","0","0","0","976","976","2014-06-04 14:58:25","2014-06-04 14:58:25","","","","","","","","","0","0","0","0","0","0","0","0","0000-00-00 00:00:00","0000-00-00 00:00:00","","","","","","","","","976","976","2014-06-04 15:00:35","2014-06-04 15:00:35","1","1","0","0","1","1","0","0","du-10-06-au-15-06","du-10-06-au-15-06","152","152","1","1"
"<p>Epreuve 01</p>","<p>Epreuve 01</p>","0","0","Formation 1","Formation 1","Canteleu 10/06 au 11/06/10/06/Formation 1","Canteleu 10/06 au 11/06/10/06/Formation 1","Canteleu 10/06 au 11/06/10/06/Formation 1","Canteleu 10/06 au 11/06/10/06/Formation 1","0","0","0","0","0","0","0000-00-00 00:00:00","0000-00-00 00:00:00","","","","","images/stories/virtuemart/category/COFFE/12345678/1.jpg","images/stories/virtuemart/category/COFFE/12345678/1.jpg","images/stories/virtuemart/category/COFFE/12345678/1.jpg","images/stories/virtuemart/category/COFFE/12345678/1.jpg","0","0","0","0","0","0","0","0","0000-00-00 00:00:00","0000-00-00 00:00:00","","","","","","","","","976","976","2014-06-04 15:01:57","2014-06-04 15:01:57","19","19","3","3","1","1","0","0","formation-12014-06-04-01-21-511078461695","formation-12014-06-04-01-21-511078461695","141","141","1","1"
"<p>Epreuve 07</p>","<p>Epreuve 07</p>","0","0","Formation 2","Formation 2","Canteleu 10/06 au 11/06/10/06/Formation 2","Canteleu 10/06 au 11/06/10/06/Formation 2","Canteleu 10/06 au 11/06/10/06/Formation 2","Canteleu 10/06 au 11/06/10/06/Formation 2","0","0","0","0","0","0","0000-00-00 00:00:00","0000-00-00 00:00:00","","","","","images/stories/virtuemart/category/COFFE/12345678/1.jpg","images/stories/virtuemart/category/COFFE/12345678/1.jpg","images/stories/virtuemart/category/COFFE/12345678/1.jpg","images/stories/virtuemart/category/COFFE/12345678/1.jpg","0","0","0","0","0","0","0","0","0000-00-00 00:00:00","0000-00-00 00:00:00","","","","","","","","","976","976","2014-06-04 15:03:42","2014-06-04 15:03:42","25","25","3","3","1","1","0","0","formation-22014-06-04-01-21-51416530300","formation-22014-06-04-01-21-51416530300","144","144","1","1"
"<p>Epreuve 11</p>","<p>Epreuve 11</p>","0","0","Label 6 ans Qualification Autres","Label 6 ans Qualification Autres","Canteleu 10/06 au 11/06/10/06/Label 6 ans Qualification Autres","Canteleu 10/06 au 11/06/10/06/Label 6 ans Qualification Autres","Canteleu 10/06 au 11/06/10/06/Label 6 ans Qualification Autres","Canteleu 10/06 au 11/06/10/06/Label 6 ans Qualification Autres","0","0","0","0","0","0","0000-00-00 00:00:00","0000-00-00 00:00:00","","","","","images/stories/virtuemart/category/COFFE/12345678/1.jpg","images/stories/virtuemart/category/COFFE/12345678/1.jpg","images/stories/virtuemart/category/COFFE/12345678/1.jpg","images/stories/virtuemart/category/COFFE/12345678/1.jpg","0","0","0","0","0","0","0","0","0000-00-00 00:00:00","0000-00-00 00:00:00","","","","","","","","","976","976","2014-06-04 15:03:29","2014-06-04 15:03:29","29","29","3","3","1","1","0","0","label-6-ans-qualification-autres2014-06-04-01-21-511600485188","label-6-ans-qualification-autres2014-06-04-01-21-511600485188","148","148","1","1"
"<p>Epreuve 12</p>","<p>Epreuve 12</p>","0","0","Label 6 ans Qualification SF+AA","Label 6 ans Qualification SF+AA","Canteleu 10/06 au 11/06/11/06/Label 6 ans Qualification SF+AA","Canteleu 10/06 au 11/06/11/06/Label 6 ans Qualification SF+AA","Canteleu 10/06 au 11/06/11/06/Label 6 ans Qualification SF+AA","Canteleu 10/06 au 11/06/11/06/Label 6 ans Qualification SF+AA","0","0","0","0","0","0","0000-00-00 00:00:00","0000-00-00 00:00:00","","","","","images/stories/virtuemart/category/COFFE/12345678/1.jpg","images/stories/virtuemart/category/COFFE/12345678/1.jpg","images/stories/virtuemart/category/COFFE/12345678/1.jpg","images/stories/virtuemart/category/COFFE/12345678/1.jpg","0","0","0","0","0","0","0","0","0000-00-00 00:00:00","0000-00-00 00:00:00","","","","","","","","","976","976","2014-06-04 15:03:16","2014-06-04 15:03:16","30","30","3","3","1","1","0","0","label-6-ans-qualification-sf-aa2014-06-04-01-21-511452598085","label-6-ans-qualification-sf-aa2014-06-04-01-21-511452598085","149","149","1","1"
"Epreuve 01","Epreuve 01","0","0","Formation 1","Formation 1","Auvers/Formation 1","Auvers/Formation 1","Auvers/Formation 1","Auvers/Formation 1","0","0","default","default","0","0","0000-00-00 00:00:00","0000-00-00 00:00:00","","","","","images/stories/virtuemart/category/COFFE/12345678/1.jpg","images/stories/virtuemart/category/COFFE/12345678/1.jpg","images/stories/virtuemart/category/COFFE/12345678/1.jpg","images/stories/virtuemart/category/COFFE/12345678/1.jpg","0","0","","","","","0","0","0000-00-00 00:00:00","0000-00-00 00:00:00","","","","","","","","","976","976","2014-06-04 13:22:40","2014-06-04 13:22:40","2","2","3","3","1","1","0","0","formation-1","formation-1","129","129","1","1"
"Epreuve 05","Epreuve 05","0","0","Label 4 ans Qualification Autres","Label 4 ans Qualification Autres","Auvers/Label 4 ans Qualification Autres","Auvers/Label 4 ans Qualification Autres","Auvers/Label 4 ans Qualification Autres","Auvers/Label 4 ans Qualification Autres","0","0","default","default","0","0","0000-00-00 00:00:00","0000-00-00 00:00:00","","","","","images/stories/virtuemart/category/COFFE/12345678/1.jpg","images/stories/virtuemart/category/COFFE/12345678/1.jpg","images/stories/virtuemart/category/COFFE/12345678/1.jpg","images/stories/virtuemart/category/COFFE/12345678/1.jpg","0","0","","","","","0","0","0000-00-00 00:00:00","0000-00-00 00:00:00","","","","","","","","","976","976","2014-06-04 13:22:40","2014-06-04 13:22:40","6","6","3","3","1","1","0","0","label-4-ans-qualification-autres","label-4-ans-qualification-autres","130","130","1","1"
"Epreuve 05","Epreuve 05","0","0","Label 4 ans Qualification Autres","Label 4 ans Qualification Autres","Canteleu 10/06 au 11/06/Label 4 ans Qualification Autres","Canteleu 10/06 au 11/06/Label 4 ans Qualification Autres","Canteleu 10/06 au 11/06/Label 4 ans Qualification Autres","Canteleu 10/06 au 11/06/Label 4 ans Qualification Autres","0","0","default","default","0","0","0000-00-00 00:00:00","0000-00-00 00:00:00","","","","","images/stories/virtuemart/category/COFFE/12345678/1.jpg","images/stories/virtuemart/category/COFFE/12345678/1.jpg","images/stories/virtuemart/category/COFFE/12345678/1.jpg","images/stories/virtuemart/category/COFFE/12345678/1.jpg","0","0","","","","","0","0","0000-00-00 00:00:00","0000-00-00 00:00:00","","","","","","","","","976","976","2014-06-04 13:22:40","2014-06-04 13:22:40","19","19","3","3","1","1","0","0","label-4-ans-qualification-autres2014-06-04-01-21-51631696896","label-4-ans-qualification-autres2014-06-04-01-21-51631696896","142","142","1","1"
"Epreuve 06","Epreuve 06","0","0","Label 4 ans Qualification SF+AA","Label 4 ans Qualification SF+AA","Auvers/Label 4 ans Qualification SF+AA","Auvers/Label 4 ans Qualification SF+AA","Auvers/Label 4 ans Qualification SF+AA","Auvers/Label 4 ans Qualification SF+AA","0","0","default","default","0","0","0000-00-00 00:00:00","0000-00-00 00:00:00","","","","","images/stories/virtuemart/category/COFFE/12345678/1.jpg","images/stories/virtuemart/category/COFFE/12345678/1.jpg","images/stories/virtuemart/category/COFFE/12345678/1.jpg","images/stories/virtuemart/category/COFFE/12345678/1.jpg","0","0","","","","","0","0","0000-00-00 00:00:00","0000-00-00 00:00:00","","","","","","","","","976","976","2014-06-04 13:22:40","2014-06-04 13:22:40","7","7","3","3","1","1","0","0","label-4-ans-qualification-sf-aa","label-4-ans-qualification-sf-aa","131","131","1","1"
"Epreuve 06","Epreuve 06","0","0","Label 4 ans Qualification SF+AA","Label 4 ans Qualification SF+AA","Canteleu 10/06 au 11/06/Label 4 ans Qualification SF+AA","Canteleu 10/06 au 11/06/Label 4 ans Qualification SF+AA","Canteleu 10/06 au 11/06/Label 4 ans Qualification SF+AA","Canteleu 10/06 au 11/06/Label 4 ans Qualification SF+AA","0","0","default","default","0","0","0000-00-00 00:00:00","0000-00-00 00:00:00","","","","","images/stories/virtuemart/category/COFFE/12345678/1.jpg","images/stories/virtuemart/category/COFFE/12345678/1.jpg","images/stories/virtuemart/category/COFFE/12345678/1.jpg","images/stories/virtuemart/category/COFFE/12345678/1.jpg","0","0","","","","","0","0","0000-00-00 00:00:00","0000-00-00 00:00:00","","","","","","","","","976","976","2014-06-04 13:22:40","2014-06-04 13:22:40","24","24","3","3","1","1","0","0","label-4-ans-qualification-sf-aa2014-06-04-01-21-51238292159","label-4-ans-qualification-sf-aa2014-06-04-01-21-51238292159","143","143","1","1"
"Epreuve 07","Epreuve 07","0","0","Formation 2","Formation 2","Auvers/Formation 2","Auvers/Formation 2","Auvers/Formation 2","Auvers/Formation 2","0","0","default","default","0","0","0000-00-00 00:00:00","0000-00-00 00:00:00","","","","","images/stories/virtuemart/category/COFFE/12345678/1.jpg","images/stories/virtuemart/category/COFFE/12345678/1.jpg","images/stories/virtuemart/category/COFFE/12345678/1.jpg","images/stories/virtuemart/category/COFFE/12345678/1.jpg","0","0","","","","","0","0","0000-00-00 00:00:00","0000-00-00 00:00:00","","","","","","","","","976","976","2014-06-04 13:22:40","2014-06-04 13:22:40","8","8","3","3","1","1","0","0","formation-2","formation-2","132","132","1","1"
"Epreuve 09","Epreuve 09","0","0","Label 5 ans Qualification SF+AA","Label 5 ans Qualification SF+AA","Auvers/Label 5 ans Qualification SF+AA","Auvers/Label 5 ans Qualification SF+AA","Auvers/Label 5 ans Qualification SF+AA","Auvers/Label 5 ans Qualification SF+AA","0","0","default","default","0","0","0000-00-00 00:00:00","0000-00-00 00:00:00","","","","","images/stories/virtuemart/category/COFFE/12345678/1.jpg","images/stories/virtuemart/category/COFFE/12345678/1.jpg","images/stories/virtuemart/category/COFFE/12345678/1.jpg","images/stories/virtuemart/category/COFFE/12345678/1.jpg","0","0","","","","","0","0","0000-00-00 00:00:00","0000-00-00 00:00:00","","","","","","","","","976","976","2014-06-04 13:22:40","2014-06-04 13:22:40","10","10","3","3","1","1","0","0","label-5-ans-qualification-sf-aa","label-5-ans-qualification-sf-aa","134","134","1","1"
"Epreuve 09","Epreuve 09","0","0","Label 5 ans Qualification SF+AA","Label 5 ans Qualification SF+AA","Canteleu 10/06 au 11/06/Label 5 ans Qualification SF+AA","Canteleu 10/06 au 11/06/Label 5 ans Qualification SF+AA","Canteleu 10/06 au 11/06/Label 5 ans Qualification SF+AA","Canteleu 10/06 au 11/06/Label 5 ans Qualification SF+AA","0","0","default","default","0","0","0000-00-00 00:00:00","0000-00-00 00:00:00","","","","","images/stories/virtuemart/category/COFFE/12345678/1.jpg","images/stories/virtuemart/category/COFFE/12345678/1.jpg","images/stories/virtuemart/category/COFFE/12345678/1.jpg","images/stories/virtuemart/category/COFFE/12345678/1.jpg","0","0","","","","","0","0","0000-00-00 00:00:00","0000-00-00 00:00:00","","","","","","","","","976","976","2014-06-04 13:22:40","2014-06-04 13:22:40","27","27","3","3","1","1","0","0","label-5-ans-qualification-sf-aa2014-06-04-01-21-511972539167","label-5-ans-qualification-sf-aa2014-06-04-01-21-511972539167","146","146","1","1"
"Epreuve 11","Epreuve 11","0","0","Label 6 ans Qualification Autres","Label 6 ans Qualification Autres","Auvers/Label 6 ans Qualification Autres","Auvers/Label 6 ans Qualification Autres","Auvers/Label 6 ans Qualification Autres","Auvers/Label 6 ans Qualification Autres","0","0","default","default","0","0","0000-00-00 00:00:00","0000-00-00 00:00:00","","","","","images/stories/virtuemart/category/COFFE/12345678/1.jpg","images/stories/virtuemart/category/COFFE/12345678/1.jpg","images/stories/virtuemart/category/COFFE/12345678/1.jpg","images/stories/virtuemart/category/COFFE/12345678/1.jpg","0","0","","","","","0","0","0000-00-00 00:00:00","0000-00-00 00:00:00","","","","","","","","","976","976","2014-06-04 13:22:40","2014-06-04 13:22:40","12","12","3","3","1","1","0","0","label-6-ans-qualification-autres","label-6-ans-qualification-autres","136","136","1","1"
"Epreuve 12","Epreuve 12","0","0","Label 6 ans Qualification SF+AA","Label 6 ans Qualification SF+AA","Auvers/Label 6 ans Qualification SF+AA","Auvers/Label 6 ans Qualification SF+AA","Auvers/Label 6 ans Qualification SF+AA","Auvers/Label 6 ans Qualification SF+AA","0","0","default","default","0","0","0000-00-00 00:00:00","0000-00-00 00:00:00","","","","","images/stories/virtuemart/category/COFFE/12345678/1.jpg","images/stories/virtuemart/category/COFFE/12345678/1.jpg","images/stories/virtuemart/category/COFFE/12345678/1.jpg","images/stories/virtuemart/category/COFFE/12345678/1.jpg","0","0","","","","","0","0","0000-00-00 00:00:00","0000-00-00 00:00:00","","","","","","","","","976","976","2014-06-04 13:22:40","2014-06-04 13:22:40","13","13","3","3","1","1","0","0","label-6-ans-qualification-sf-aa","label-6-ans-qualification-sf-aa","137","137","1","1"
"Epreuve 13","Epreuve 13","0","0","Label 6 ans Qualif Autres au chrono","Label 6 ans Qualif Autres au chrono","Auvers/Label 6 ans Qualif Autres au chrono","Auvers/Label 6 ans Qualif Autres au chrono","Auvers/Label 6 ans Qualif Autres au chrono","Auvers/Label 6 ans Qualif Autres au chrono","0","0","default","default","0","0","0000-00-00 00:00:00","0000-00-00 00:00:00","","","","","images/stories/virtuemart/category/COFFE/12345678/1.jpg","images/stories/virtuemart/category/COFFE/12345678/1.jpg","images/stories/virtuemart/category/COFFE/12345678/1.jpg","images/stories/virtuemart/category/COFFE/12345678/1.jpg","0","0","","","","","0","0","0000-00-00 00:00:00","0000-00-00 00:00:00","","","","","","","","","976","976","2014-06-04 13:22:40","2014-06-04 13:22:40","14","14","3","3","1","1","0","0","label-6-ans-qualif-autres-au-chrono","label-6-ans-qualif-autres-au-chrono","138","138","1","1"
"Epreuve 13","Epreuve 13","0","0","Label 6 ans Qualif Autres au chrono","Label 6 ans Qualif Autres au chrono","Canteleu 10/06 au 11/06/Label 6 ans Qualif Autres au chrono","Canteleu 10/06 au 11/06/Label 6 ans Qualif Autres au chrono","Canteleu 10/06 au 11/06/Label 6 ans Qualif Autres au chrono","Canteleu 10/06 au 11/06/Label 6 ans Qualif Autres au chrono","0","0","default","default","0","0","0000-00-00 00:00:00","0000-00-00 00:00:00","","","","","images/stories/virtuemart/category/COFFE/12345678/1.jpg","images/stories/virtuemart/category/COFFE/12345678/1.jpg","images/stories/virtuemart/category/COFFE/12345678/1.jpg","images/stories/virtuemart/category/COFFE/12345678/1.jpg","0","0","","","","","0","0","0000-00-00 00:00:00","0000-00-00 00:00:00","","","","","","","","","976","976","2014-06-04 13:22:40","2014-06-04 13:22:40","31","31","3","3","1","1","0","0","label-6-ans-qualif-autres-au-chrono2014-06-04-01-21-511197903925","label-6-ans-qualif-autres-au-chrono2014-06-04-01-21-511197903925","150","150","1","1"
"Epreuve 14","Epreuve 14","0","0","Label 6 ans Qualif SF+AA au chrono","Label 6 ans Qualif SF+AA au chrono","Auvers/Label 6 ans Qualif SF+AA au chrono","Auvers/Label 6 ans Qualif SF+AA au chrono","Auvers/Label 6 ans Qualif SF+AA au chrono","Auvers/Label 6 ans Qualif SF+AA au chrono","0","0","default","default","0","0","0000-00-00 00:00:00","0000-00-00 00:00:00","","","","","images/stories/virtuemart/category/COFFE/12345678/1.jpg","images/stories/virtuemart/category/COFFE/12345678/1.jpg","images/stories/virtuemart/category/COFFE/12345678/1.jpg","images/stories/virtuemart/category/COFFE/12345678/1.jpg","0","0","","","","","0","0","0000-00-00 00:00:00","0000-00-00 00:00:00","","","","","","","","","976","976","2014-06-04 13:22:40","2014-06-04 13:22:40","15","15","3","3","1","1","0","0","label-6-ans-qualif-sf-aa-au-chrono","label-6-ans-qualif-sf-aa-au-chrono","139","139","1","1"
"Epreuve 14","Epreuve 14","0","0","Label 6 ans Qualif SF+AA au chrono","Label 6 ans Qualif SF+AA au chrono","Canteleu 10/06 au 11/06/Label 6 ans Qualif SF+AA au chrono","Canteleu 10/06 au 11/06/Label 6 ans Qualif SF+AA au chrono","Canteleu 10/06 au 11/06/Label 6 ans Qualif SF+AA au chrono","Canteleu 10/06 au 11/06/Label 6 ans Qualif SF+AA au chrono","0","0","default","default","0","0","0000-00-00 00:00:00","0000-00-00 00:00:00","","","","","images/stories/virtuemart/category/COFFE/12345678/1.jpg","images/stories/virtuemart/category/COFFE/12345678/1.jpg","images/stories/virtuemart/category/COFFE/12345678/1.jpg","images/stories/virtuemart/category/COFFE/12345678/1.jpg","0","0","","","","","0","0","0000-00-00 00:00:00","0000-00-00 00:00:00","","","","","","","","","976","976","2014-06-04 13:22:40","2014-06-04 13:22:40","32","32","3","3","1","1","0","0","label-6-ans-qualif-sf-aa-au-chrono2014-06-04-01-21-51417004244","label-6-ans-qualif-sf-aa-au-chrono2014-06-04-01-21-51417004244","151","151","1","1"
"Epreuve 15","Epreuve 15","0","0","Formation 3","Formation 3","Auvers/Formation 3","Auvers/Formation 3","Auvers/Formation 3","Auvers/Formation 3","0","0","default","default","0","0","0000-00-00 00:00:00","0000-00-00 00:00:00","","","","","images/stories/virtuemart/category/COFFE/12345678/1.jpg","images/stories/virtuemart/category/COFFE/12345678/1.jpg","images/stories/virtuemart/category/COFFE/12345678/1.jpg","images/stories/virtuemart/category/COFFE/12345678/1.jpg","0","0","","","","","0","0","0000-00-00 00:00:00","0000-00-00 00:00:00","","","","","","","","","976","976","2014-06-04 13:22:40","2014-06-04 13:22:40","16","16","3","3","1","1","0","0","formation-3","formation-3","135","135","1","1"
"Epreuve 15","Epreuve 15","0","0","Formation 3","Formation 3","Canteleu 10/06 au 11/06/Formation 3","Canteleu 10/06 au 11/06/Formation 3","Canteleu 10/06 au 11/06/Formation 3","Canteleu 10/06 au 11/06/Formation 3","0","0","default","default","0","0","0000-00-00 00:00:00","0000-00-00 00:00:00","","","","","images/stories/virtuemart/category/COFFE/12345678/1.jpg","images/stories/virtuemart/category/COFFE/12345678/1.jpg","images/stories/virtuemart/category/COFFE/12345678/1.jpg","images/stories/virtuemart/category/COFFE/12345678/1.jpg","0","0","","","","","0","0","0000-00-00 00:00:00","0000-00-00 00:00:00","","","","","","","","","976","976","2014-06-04 13:22:40","2014-06-04 13:22:40","33","33","3","3","1","1","0","0","formation-32014-06-04-01-21-511938097151","formation-32014-06-04-01-21-511938097151","147","147","1","1"
"Epreuve 16","Epreuve 16","0","0","Label 5 ans Qualification Autres","Label 5 ans Qualification Autres","Auvers/Label 5 ans Qualification Autres","Auvers/Label 5 ans Qualification Autres","Auvers/Label 5 ans Qualification Autres","Auvers/Label 5 ans Qualification Autres","0","0","default","default","0","0","0000-00-00 00:00:00","0000-00-00 00:00:00","","","","","images/stories/virtuemart/category/COFFE/12345678/1.jpg","images/stories/virtuemart/category/COFFE/12345678/1.jpg","images/stories/virtuemart/category/COFFE/12345678/1.jpg","images/stories/virtuemart/category/COFFE/12345678/1.jpg","0","0","","","","","0","0","0000-00-00 00:00:00","0000-00-00 00:00:00","","","","","","","","","976","976","2014-06-04 13:22:40","2014-06-04 13:22:40","17","17","3","3","1","1","0","0","label-5-ans-qualification-autres","label-5-ans-qualification-autres","133","133","1","1"
"Epreuve 16","Epreuve 16","0","0","Label 5 ans Qualification Autres","Label 5 ans Qualification Autres","Canteleu 10/06 au 11/06/Label 5 ans Qualification Autres","Canteleu 10/06 au 11/06/Label 5 ans Qualification Autres","Canteleu 10/06 au 11/06/Label 5 ans Qualification Autres","Canteleu 10/06 au 11/06/Label 5 ans Qualification Autres","0","0","default","default","0","0","0000-00-00 00:00:00","0000-00-00 00:00:00","","","","","images/stories/virtuemart/category/COFFE/12345678/1.jpg","images/stories/virtuemart/category/COFFE/12345678/1.jpg","images/stories/virtuemart/category/COFFE/12345678/1.jpg","images/stories/virtuemart/category/COFFE/12345678/1.jpg","0","0","","","","","0","0","0000-00-00 00:00:00","0000-00-00 00:00:00","","","","","","","","","976","976","2014-06-04 13:22:40","2014-06-04 13:22:40","34","34","3","3","1","1","0","0","label-5-ans-qualification-autres2014-06-04-01-21-511520794810","label-5-ans-qualification-autres2014-06-04-01-21-511520794810","145","145","1","1"
"qsdfklm qsdfklmqsdfklmfqsdklmqsdfklmklm qsdfqsdfdfq","qsdfklm qsdfklmqsdfklmfqsdklmqsdfklmklm qsdfqsdfdfq","0","0","Auvers","Auvers","Auvers","Auvers","Auvers","Auvers","0","0","default","default","0","0","0000-00-00 00:00:00","0000-00-00 00:00:00","","","","","images/stories/virtuemart/category/COFFE/12345678/1.jpg","images/stories/virtuemart/category/COFFE/12345678/1.jpg","images/stories/virtuemart/category/COFFE/12345678/1.jpg","images/stories/virtuemart/category/COFFE/12345678/1.jpg","0","0","","","","","0","0","0000-00-00 00:00:00","0000-00-00 00:00:00","","","","","","","","","976","976","2014-06-04 13:22:40","2014-06-04 13:22:40","1","1","3","3","1","1","0","0","auvers","auvers","128","128","1","1"
