"category_name","category_path","category_description","ordering","file_url"
"Auvers","Auvers","qsdfklm qsdfklmqsdfklmfqsdklmqsdfklmklm qsdfqsdfdfq",1,"images/stories/virtuemart/category/COFFE/12345678/1.jpg"
"Formation 1","Auvers/Formation 1","Epreuve 01",2,"images/stories/virtuemart/category/COFFE/12345678/1.jpg"
"Label 4 ans Qualification Autres","Auvers/Label 4 ans Qualification Autres","Epreuve 02",3,"images/stories/virtuemart/category/COFFE/12345678/1.jpg"
"Label 4 ans Qualification SF+AA","Auvers/Label 4 ans Qualification SF+AA","Epreuve 03",4,"images/stories/virtuemart/category/COFFE/12345678/1.jpg"
"Formation 2","Auvers/Formation 2","Epreuve 04",5,"images/stories/virtuemart/category/COFFE/12345678/1.jpg"
"Label 4 ans Qualification Autres","Auvers/Label 4 ans Qualification Autres","Epreuve 05",6,"images/stories/virtuemart/category/COFFE/12345678/1.jpg"
"Label 4 ans Qualification SF+AA","Auvers/Label 4 ans Qualification SF+AA","Epreuve 06",7,"images/stories/virtuemart/category/COFFE/12345678/1.jpg"
"Formation 2","Auvers/Formation 2","Epreuve 07",8,"images/stories/virtuemart/category/COFFE/12345678/1.jpg"
"Label 5 ans Qualification Autres","Auvers/Label 5 ans Qualification Autres","Epreuve 08",9,"images/stories/virtuemart/category/COFFE/12345678/1.jpg"
"Label 5 ans Qualification SF+AA","Auvers/Label 5 ans Qualification SF+AA","Epreuve 09",10,"images/stories/virtuemart/category/COFFE/12345678/1.jpg"
"Formation 3","Auvers/Formation 3","Epreuve 10",11,"images/stories/virtuemart/category/COFFE/12345678/1.jpg"
"Label 6 ans Qualification Autres","Auvers/Label 6 ans Qualification Autres","Epreuve 11",12,"images/stories/virtuemart/category/COFFE/12345678/1.jpg"
"Label 6 ans Qualification SF+AA","Auvers/Label 6 ans Qualification SF+AA","Epreuve 12",13,"images/stories/virtuemart/category/COFFE/12345678/1.jpg"
"Label 6 ans Qualif Autres au chrono","Auvers/Label 6 ans Qualif Autres au chrono","Epreuve 13",14,"images/stories/virtuemart/category/COFFE/12345678/1.jpg"
"Label 6 ans Qualif SF+AA au chrono","Auvers/Label 6 ans Qualif SF+AA au chrono","Epreuve 14",15,"images/stories/virtuemart/category/COFFE/12345678/1.jpg"
"Formation 3","Auvers/Formation 3","Epreuve 15",16,"images/stories/virtuemart/category/COFFE/12345678/1.jpg"
"Label 5 ans Qualification Autres","Auvers/Label 5 ans Qualification Autres","Epreuve 16",17,"images/stories/virtuemart/category/COFFE/12345678/1.jpg"
"Canteleu","Canteleu","qsdf qdfs qdf fq fq fqsd fqsd sdffdqs",18,"images/stories/virtuemart/category/COFFE/12345678/1.jpg"
"Formation 1","Canteleu/Formation 1","Epreuve 01",19,"images/stories/virtuemart/category/COFFE/12345678/1.jpg"
"Label 4 ans Qualification Autres","Canteleu/Label 4 ans Qualification Autres","Epreuve 02",20,"images/stories/virtuemart/category/COFFE/12345678/1.jpg"
"Label 4 ans Qualification SF+AA","Canteleu/Label 4 ans Qualification SF+AA","Epreuve 03",21,"images/stories/virtuemart/category/COFFE/12345678/1.jpg"
"Formation 2","Canteleu/Formation 2","Epreuve 04",22,"images/stories/virtuemart/category/COFFE/12345678/1.jpg"
"Label 4 ans Qualification Autres","Canteleu/Label 4 ans Qualification Autres","Epreuve 05",23,"images/stories/virtuemart/category/COFFE/12345678/1.jpg"
"Label 4 ans Qualification SF+AA","Canteleu/Label 4 ans Qualification SF+AA","Epreuve 06",24,"images/stories/virtuemart/category/COFFE/12345678/1.jpg"
"Formation 2","Canteleu/Formation 2","Epreuve 07",25,"images/stories/virtuemart/category/COFFE/12345678/1.jpg"
"Label 5 ans Qualification Autres","Canteleu/Label 5 ans Qualification Autres","Epreuve 08",26,"images/stories/virtuemart/category/COFFE/12345678/1.jpg"
"Label 5 ans Qualification SF+AA","Canteleu/Label 5 ans Qualification SF+AA","Epreuve 09",27,"images/stories/virtuemart/category/COFFE/12345678/1.jpg"
"Formation 3","Canteleu/Formation 3","Epreuve 10",28,"images/stories/virtuemart/category/COFFE/12345678/1.jpg"
"Label 6 ans Qualification Autres","Canteleu/Label 6 ans Qualification Autres","Epreuve 11",29,"images/stories/virtuemart/category/COFFE/12345678/1.jpg"
"Label 6 ans Qualification SF+AA","Canteleu/Label 6 ans Qualification SF+AA","Epreuve 12",30,"images/stories/virtuemart/category/COFFE/12345678/1.jpg"
"Label 6 ans Qualif Autres au chrono","Canteleu/Label 6 ans Qualif Autres au chrono","Epreuve 13",31,"images/stories/virtuemart/category/COFFE/12345678/1.jpg"
"Label 6 ans Qualif SF+AA au chrono","Canteleu/Label 6 ans Qualif SF+AA au chrono","Epreuve 14",32,"images/stories/virtuemart/category/COFFE/12345678/1.jpg"
"Formation 3","Canteleu/Formation 3","Epreuve 15",33,"images/stories/virtuemart/category/COFFE/12345678/1.jpg"
"Label 5 ans Qualification Autres","Canteleu/Label 5 ans Qualification Autres","Epreuve 16",34,"images/stories/virtuemart/category/COFFE/12345678/1.jpg"
