"category_description","category_layout","category_name","category_path","category_path_trans","category_product_layout","category_template","created_by","created_on","custom","customtitle","file_url","file_url_thumb","hits","limit_list_initial","limit_list_step","locked_by","locked_on","metaauthor","metadesc","metakey","metarobot","modified_by","modified_on","ordering","products_per_row","published","shared","slug","virtuemart_category_id","virtuemart_vendor_id"
"","0","Canteleu 10/06 au 11/06","Canteleu 10/06 au 11/06","Canteleu 10/06 au 11/06","0","0","0","0000-00-00 00:00:00","","","images/stories/virtuemart/category/equiseine-2010-guillon-calvaz.jpg","","0","0","0","0","0000-00-00 00:00:00","","","{mosmap address='40 Route de Sahurs, 76380, Canteleu, Haute-Normandie, Seine-Maritime, France'| zoom='15'| zoomType='Large'| zoomNew='1'| mapType='Hybrid'| showMaptype='1'| overview='1'| text='Home'}{mosmap address='17bis rue Emile Encontre 76600 LE HAVRE FRANCE'| zoom='15'| zoomType='Large'| zoomNew='1'| mapType='Hybrid'| showMaptype='1'| overview='1'| text='Home'}","","976","2014-06-05 11:52:17","18","3","1","0","canteleu","140","1"
"<p>01/ épreuve A</p>","0","11/06","Canteleu 10/06 au 11/06/11/06","Canteleu 10/06 au 11/06/11/06","0","0","976","2014-06-04 15:00:57","","","","","0","0","0","0","0000-00-00 00:00:00","","","","","976","2014-06-04 15:01:15","23","0","1","0","11-06","153","1"
"<p>01/épreuve a</p><p>02/épreuve b</p><p>03/épreuve c</p>","0","10/06","Canteleu 10/06 au 11/06/10/06","Canteleu 10/06 au 11/06/10/06","0","0","976","2014-06-04 14:58:25","","","","","0","0","0","0","0000-00-00 00:00:00","","","","","976","2014-06-04 15:00:35","1","0","1","0","du-10-06-au-15-06","152","1"
"<p>Epreuve 01</p>","0","Formation 1","Canteleu 10/06 au 11/06/10/06/Formation 1","Canteleu 10/06 au 11/06/10/06/Formation 1","0","0","0","0000-00-00 00:00:00","","","images/stories/virtuemart/category/COFFE/12345678/1.jpg","images/stories/virtuemart/category/COFFE/12345678/1.jpg","0","0","0","0","0000-00-00 00:00:00","","","","","976","2014-06-04 15:01:57","19","3","1","0","formation-12014-06-04-01-21-511078461695","141","1"
"<p>Epreuve 07</p>","0","Formation 2","Canteleu 10/06 au 11/06/10/06/Formation 2","Canteleu 10/06 au 11/06/10/06/Formation 2","0","0","0","0000-00-00 00:00:00","","","images/stories/virtuemart/category/COFFE/12345678/1.jpg","images/stories/virtuemart/category/COFFE/12345678/1.jpg","0","0","0","0","0000-00-00 00:00:00","","","","","976","2014-06-04 15:03:42","25","3","1","0","formation-22014-06-04-01-21-51416530300","144","1"
"<p>Epreuve 11</p>","0","Label 6 ans Qualification Autres","Canteleu 10/06 au 11/06/10/06/Label 6 ans Qualification Autres","Canteleu 10/06 au 11/06/10/06/Label 6 ans Qualification Autres","0","0","0","0000-00-00 00:00:00","","","images/stories/virtuemart/category/COFFE/12345678/1.jpg","images/stories/virtuemart/category/COFFE/12345678/1.jpg","0","0","0","0","0000-00-00 00:00:00","","","","","976","2014-06-04 15:03:29","29","3","1","0","label-6-ans-qualification-autres2014-06-04-01-21-511600485188","148","1"
"<p>Epreuve 12</p>","0","Label 6 ans Qualification SF+AA","Canteleu 10/06 au 11/06/11/06/Label 6 ans Qualification SF+AA","Canteleu 10/06 au 11/06/11/06/Label 6 ans Qualification SF+AA","0","0","0","0000-00-00 00:00:00","","","images/stories/virtuemart/category/COFFE/12345678/1.jpg","images/stories/virtuemart/category/COFFE/12345678/1.jpg","0","0","0","0","0000-00-00 00:00:00","","","","","976","2014-06-04 15:03:16","30","3","1","0","label-6-ans-qualification-sf-aa2014-06-04-01-21-511452598085","149","1"
"Epreuve 01","0","Formation 1","Auvers/Formation 1","Auvers/Formation 1","0","default","0","0000-00-00 00:00:00","","","images/stories/virtuemart/category/COFFE/12345678/1.jpg","images/stories/virtuemart/category/COFFE/12345678/1.jpg","0","","","0","0000-00-00 00:00:00","","","","","976","2014-06-04 13:22:40","2","3","1","0","formation-1","129","1"
"Epreuve 05","0","Label 4 ans Qualification Autres","Auvers/Label 4 ans Qualification Autres","Auvers/Label 4 ans Qualification Autres","0","default","0","0000-00-00 00:00:00","","","images/stories/virtuemart/category/COFFE/12345678/1.jpg","images/stories/virtuemart/category/COFFE/12345678/1.jpg","0","","","0","0000-00-00 00:00:00","","","","","976","2014-06-04 13:22:40","6","3","1","0","label-4-ans-qualification-autres","130","1"
"Epreuve 05","0","Label 4 ans Qualification Autres","Canteleu 10/06 au 11/06/Label 4 ans Qualification Autres","Canteleu 10/06 au 11/06/Label 4 ans Qualification Autres","0","default","0","0000-00-00 00:00:00","","","images/stories/virtuemart/category/COFFE/12345678/1.jpg","images/stories/virtuemart/category/COFFE/12345678/1.jpg","0","","","0","0000-00-00 00:00:00","","","","","976","2014-06-04 13:22:40","19","3","1","0","label-4-ans-qualification-autres2014-06-04-01-21-51631696896","142","1"
"Epreuve 06","0","Label 4 ans Qualification SF+AA","Auvers/Label 4 ans Qualification SF+AA","Auvers/Label 4 ans Qualification SF+AA","0","default","0","0000-00-00 00:00:00","","","images/stories/virtuemart/category/COFFE/12345678/1.jpg","images/stories/virtuemart/category/COFFE/12345678/1.jpg","0","","","0","0000-00-00 00:00:00","","","","","976","2014-06-04 13:22:40","7","3","1","0","label-4-ans-qualification-sf-aa","131","1"
"Epreuve 06","0","Label 4 ans Qualification SF+AA","Canteleu 10/06 au 11/06/Label 4 ans Qualification SF+AA","Canteleu 10/06 au 11/06/Label 4 ans Qualification SF+AA","0","default","0","0000-00-00 00:00:00","","","images/stories/virtuemart/category/COFFE/12345678/1.jpg","images/stories/virtuemart/category/COFFE/12345678/1.jpg","0","","","0","0000-00-00 00:00:00","","","","","976","2014-06-04 13:22:40","24","3","1","0","label-4-ans-qualification-sf-aa2014-06-04-01-21-51238292159","143","1"
"Epreuve 07","0","Formation 2","Auvers/Formation 2","Auvers/Formation 2","0","default","0","0000-00-00 00:00:00","","","images/stories/virtuemart/category/COFFE/12345678/1.jpg","images/stories/virtuemart/category/COFFE/12345678/1.jpg","0","","","0","0000-00-00 00:00:00","","","","","976","2014-06-04 13:22:40","8","3","1","0","formation-2","132","1"
"Epreuve 09","0","Label 5 ans Qualification SF+AA","Auvers/Label 5 ans Qualification SF+AA","Auvers/Label 5 ans Qualification SF+AA","0","default","0","0000-00-00 00:00:00","","","images/stories/virtuemart/category/COFFE/12345678/1.jpg","images/stories/virtuemart/category/COFFE/12345678/1.jpg","0","","","0","0000-00-00 00:00:00","","","","","976","2014-06-04 13:22:40","10","3","1","0","label-5-ans-qualification-sf-aa","134","1"
"Epreuve 09","0","Label 5 ans Qualification SF+AA","Canteleu 10/06 au 11/06/Label 5 ans Qualification SF+AA","Canteleu 10/06 au 11/06/Label 5 ans Qualification SF+AA","0","default","0","0000-00-00 00:00:00","","","images/stories/virtuemart/category/COFFE/12345678/1.jpg","images/stories/virtuemart/category/COFFE/12345678/1.jpg","0","","","0","0000-00-00 00:00:00","","","","","976","2014-06-04 13:22:40","27","3","1","0","label-5-ans-qualification-sf-aa2014-06-04-01-21-511972539167","146","1"
"Epreuve 11","0","Label 6 ans Qualification Autres","Auvers/Label 6 ans Qualification Autres","Auvers/Label 6 ans Qualification Autres","0","default","0","0000-00-00 00:00:00","","","images/stories/virtuemart/category/COFFE/12345678/1.jpg","images/stories/virtuemart/category/COFFE/12345678/1.jpg","0","","","0","0000-00-00 00:00:00","","","","","976","2014-06-04 13:22:40","12","3","1","0","label-6-ans-qualification-autres","136","1"
"Epreuve 12","0","Label 6 ans Qualification SF+AA","Auvers/Label 6 ans Qualification SF+AA","Auvers/Label 6 ans Qualification SF+AA","0","default","0","0000-00-00 00:00:00","","","images/stories/virtuemart/category/COFFE/12345678/1.jpg","images/stories/virtuemart/category/COFFE/12345678/1.jpg","0","","","0","0000-00-00 00:00:00","","","","","976","2014-06-04 13:22:40","13","3","1","0","label-6-ans-qualification-sf-aa","137","1"
"Epreuve 13","0","Label 6 ans Qualif Autres au chrono","Auvers/Label 6 ans Qualif Autres au chrono","Auvers/Label 6 ans Qualif Autres au chrono","0","default","0","0000-00-00 00:00:00","","","images/stories/virtuemart/category/COFFE/12345678/1.jpg","images/stories/virtuemart/category/COFFE/12345678/1.jpg","0","","","0","0000-00-00 00:00:00","","","","","976","2014-06-04 13:22:40","14","3","1","0","label-6-ans-qualif-autres-au-chrono","138","1"
"Epreuve 13","0","Label 6 ans Qualif Autres au chrono","Canteleu 10/06 au 11/06/Label 6 ans Qualif Autres au chrono","Canteleu 10/06 au 11/06/Label 6 ans Qualif Autres au chrono","0","default","0","0000-00-00 00:00:00","","","images/stories/virtuemart/category/COFFE/12345678/1.jpg","images/stories/virtuemart/category/COFFE/12345678/1.jpg","0","","","0","0000-00-00 00:00:00","","","","","976","2014-06-04 13:22:40","31","3","1","0","label-6-ans-qualif-autres-au-chrono2014-06-04-01-21-511197903925","150","1"
"Epreuve 14","0","Label 6 ans Qualif SF+AA au chrono","Auvers/Label 6 ans Qualif SF+AA au chrono","Auvers/Label 6 ans Qualif SF+AA au chrono","0","default","0","0000-00-00 00:00:00","","","images/stories/virtuemart/category/COFFE/12345678/1.jpg","images/stories/virtuemart/category/COFFE/12345678/1.jpg","0","","","0","0000-00-00 00:00:00","","","","","976","2014-06-04 13:22:40","15","3","1","0","label-6-ans-qualif-sf-aa-au-chrono","139","1"
"Epreuve 14","0","Label 6 ans Qualif SF+AA au chrono","Canteleu 10/06 au 11/06/Label 6 ans Qualif SF+AA au chrono","Canteleu 10/06 au 11/06/Label 6 ans Qualif SF+AA au chrono","0","default","0","0000-00-00 00:00:00","","","images/stories/virtuemart/category/COFFE/12345678/1.jpg","images/stories/virtuemart/category/COFFE/12345678/1.jpg","0","","","0","0000-00-00 00:00:00","","","","","976","2014-06-04 13:22:40","32","3","1","0","label-6-ans-qualif-sf-aa-au-chrono2014-06-04-01-21-51417004244","151","1"
"Epreuve 15","0","Formation 3","Auvers/Formation 3","Auvers/Formation 3","0","default","0","0000-00-00 00:00:00","","","images/stories/virtuemart/category/COFFE/12345678/1.jpg","images/stories/virtuemart/category/COFFE/12345678/1.jpg","0","","","0","0000-00-00 00:00:00","","","","","976","2014-06-04 13:22:40","16","3","1","0","formation-3","135","1"
"Epreuve 15","0","Formation 3","Canteleu 10/06 au 11/06/Formation 3","Canteleu 10/06 au 11/06/Formation 3","0","default","0","0000-00-00 00:00:00","","","images/stories/virtuemart/category/COFFE/12345678/1.jpg","images/stories/virtuemart/category/COFFE/12345678/1.jpg","0","","","0","0000-00-00 00:00:00","","","","","976","2014-06-04 13:22:40","33","3","1","0","formation-32014-06-04-01-21-511938097151","147","1"
"Epreuve 16","0","Label 5 ans Qualification Autres","Auvers/Label 5 ans Qualification Autres","Auvers/Label 5 ans Qualification Autres","0","default","0","0000-00-00 00:00:00","","","images/stories/virtuemart/category/COFFE/12345678/1.jpg","images/stories/virtuemart/category/COFFE/12345678/1.jpg","0","","","0","0000-00-00 00:00:00","","","","","976","2014-06-04 13:22:40","17","3","1","0","label-5-ans-qualification-autres","133","1"
"Epreuve 16","0","Label 5 ans Qualification Autres","Canteleu 10/06 au 11/06/Label 5 ans Qualification Autres","Canteleu 10/06 au 11/06/Label 5 ans Qualification Autres","0","default","0","0000-00-00 00:00:00","","","images/stories/virtuemart/category/COFFE/12345678/1.jpg","images/stories/virtuemart/category/COFFE/12345678/1.jpg","0","","","0","0000-00-00 00:00:00","","","","","976","2014-06-04 13:22:40","34","3","1","0","label-5-ans-qualification-autres2014-06-04-01-21-511520794810","145","1"
"qsdfklm qsdfklmqsdfklmfqsdklmqsdfklmklm qsdfqsdfdfq","0","Auvers","Auvers","Auvers","0","default","0","0000-00-00 00:00:00","","","images/stories/virtuemart/category/COFFE/12345678/1.jpg","images/stories/virtuemart/category/COFFE/12345678/1.jpg","0","","","0","0000-00-00 00:00:00","","","","","976","2014-06-04 13:22:40","1","3","1","0","auvers","128","1"
