"basepricewithtax","category_id","category_path","created_by","created_on","custom","customtitle","custom_ordering","custom_param","custom_price","custom_shipping","custom_title","custom_value","discountamount","discountedpricewithouttax","file_description","file_meta","file_ordering","file_title","file_url","file_url_thumb","hits","intnotes","layout","locked_by","locked_on","low_stock_notification","manufacturer_name","max_order_level","metaauthor","metadesc","metakey","metarobot","min_order_level","modified_by","modified_on","override","picture_url","picture_url_thumb","pordering","pricebeforetax","pricewithouttax","product_availability","product_available_date","product_box","product_currency","product_desc","product_discount","product_discount_id","product_gtin","product_height","product_in_stock","product_length","product_lwh_uom","product_mpn","product_name","product_ordered","product_ordering","product_override_price","product_packaging","product_params","product_parent_id","product_parent_sku","product_price","product_sales","product_sku","product_special","product_s_desc","product_tax_id","product_unit","product_url","product_weight","product_weight_uom","product_width","published","related_categories","related_products","salesprice","shopper_group_name","shopper_group_name_price","slug","step_order_level","taxamount","virtuemart_product_id","virtuemart_vendor_id"
"000","227","Cabourg 21/05 au 25/05/10 Juin/Préparatoire (1,05 m)","976","10/06/2014 12:54:40","","","","","","","","","000","1500","","","","","","","0","","0","0","30/11/-0001 00:09:21","0","mOOvIIdeo","","","","","","","976","10/06/2014 18:20:47","0","","","0","1500","1500","","30/11/-0001 00:09:21","","","[code_cavalier_ffe]0326857[/code_cavalier_ffe][code_cav]Sephora CAUDRELIEZ[/code_cav][code_che]IN 2 YOU[/code_che][code_cen]COURSEULLES EQUITATION[/code_cen]","","","","0.0000","0","0.0000","M","","10/Sephora CAUDRELIEZ","0","0","000","0.0000","min_order_level=""""|max_order_level=""""|step_order_level=""""|product_box=""""|","0","","1500","0","201414044_2014-06-10_24_EPR_2014-06-10_120231162_10","0","Cabourg 21/05 au 25/05<br/>Journée : 10 Juin<br/>Epreuve : 24/Préparatoire (1,05 m)<br/>Cheval : IN 2 YOU<br/>Club : COURSEULLES EQUITATION<br/>CRE : Normandie","","KG","index.php?option=com_virtuemart&view=productdetails&virtuemart_product_id=198&virtuemart_category_id=227&Itemid=1","0.0000","KG","0.0000","1","","","1500","","*","10-sephora-caudreliez","","000","198","1"
"000","227","Cabourg 21/05 au 25/05/10 Juin/Préparatoire (1,05 m)","976","10/06/2014 12:54:40","","","","","","","","","000","1500","","","","","","","0","","0","0","30/11/-0001 00:09:21","0","mOOvIIdeo","","","","","","","976","10/06/2014 18:20:47","0","","","0","1500","1500","","30/11/-0001 00:09:21","","","[code_cavalier_ffe]0888446[/code_cavalier_ffe][code_cav]Sylvia CAIL[/code_cav][code_che]SILVER DE CHAMPROSE[/code_che][code_cen]ECURIE DES ALLOIS[/code_cen]","","","","0.0000","0","0.0000","M","","3/Sylvia CAIL","0","0","000","0.0000","min_order_level=""""|max_order_level=""""|step_order_level=""""|product_box=""""|","0","","1500","0","201414044_2014-06-10_24_EPR_2014-06-10_125155001_3","0","Cabourg 21/05 au 25/05<br/>Journée : 10 Juin<br/>Epreuve : 24/Préparatoire (1,05 m)<br/>Cheval : SILVER DE CHAMPROSE<br/>Club : ECURIE DES ALLOIS<br/>CRE : Ile-de-France","","KG","index.php?option=com_virtuemart&view=productdetails&virtuemart_product_id=200&virtuemart_category_id=227&Itemid=1","0.0000","KG","0.0000","1","","","1500","","*","3-sylvia-cail","","000","200","1"
"000","227","Cabourg 21/05 au 25/05/10 Juin/Préparatoire (1,05 m)","976","10/06/2014 12:54:40","","","","","","","","","000","1500","","","","","","","0","","0","0","30/11/-0001 00:09:21","0","mOOvIIdeo","","","","","","","976","10/06/2014 18:20:47","0","","","0","1500","1500","","30/11/-0001 00:09:21","","","[code_cavalier_ffe]2283949[/code_cavalier_ffe][code_cav]Melinee BREGAND[/code_cav][code_che]JOLICOEUR DES RUETTES[/code_che][code_cen]PONEY CLUB DE CABOURG[/code_cen]","","","","0.0000","0","0.0000","M","","4/Melinee BREGAND","0","0","000","0.0000","min_order_level=""""|max_order_level=""""|step_order_level=""""|product_box=""""|","0","","1500","0","201414044_2014-06-10_24_EPR_2014-06-10_125200404_4","0","Cabourg 21/05 au 25/05<br/>Journée : 10 Juin<br/>Epreuve : 24/Préparatoire (1,05 m)<br/>Cheval : JOLICOEUR DES RUETTES<br/>Club : PONEY CLUB DE CABOURG<br/>CRE : Normandie","","KG","index.php?option=com_virtuemart&view=productdetails&virtuemart_product_id=201&virtuemart_category_id=227&Itemid=1","0.0000","KG","0.0000","1","","","1500","","*","4-melinee-bregand","","000","201","1"
"000","227","Cabourg 21/05 au 25/05/10 Juin/Préparatoire (1,05 m)","976","10/06/2014 12:54:40","","","","","","","","","000","1500","","","","","","","0","","0","0","30/11/-0001 00:09:21","0","mOOvIIdeo","","","","","","","976","10/06/2014 18:20:47","0","","","0","1500","1500","","30/11/-0001 00:09:21","","","[code_cavalier_ffe]0151780[/code_cavalier_ffe][code_cav]Caroline FRUCHET[/code_cav][code_che]RICKVAL[/code_che][code_cen]L OREE DE LA FORET[/code_cen]","","","","0.0000","0","0.0000","M","","6/Caroline FRUCHET","0","0","000","0.0000","min_order_level=""""|max_order_level=""""|step_order_level=""""|product_box=""""|","0","","1500","0","201414044_2014-06-10_24_EPR_2014-06-10_125204834_6","0","Cabourg 21/05 au 25/05<br/>Journée : 10 Juin<br/>Epreuve : 24/Préparatoire (1,05 m)<br/>Cheval : RICKVAL<br/>Club : L OREE DE LA FORET<br/>CRE : Ile-de-France","","KG","index.php?option=com_virtuemart&view=productdetails&virtuemart_product_id=202&virtuemart_category_id=227&Itemid=1","0.0000","KG","0.0000","1","","","1500","","*","6-caroline-fruchet","","000","202","1"
"000","227","Cabourg 21/05 au 25/05/10 Juin/Préparatoire (1,05 m)","976","10/06/2014 12:54:40","","","","","","","","","000","1500","","","","","","","0","","0","0","30/11/-0001 00:09:21","0","mOOvIIdeo","","","","","","","976","10/06/2014 18:20:47","0","","","0","1500","1500","","30/11/-0001 00:09:21","","AFN","[code_cavalier_ffe]0326857[/code_cavalier_ffe][code_cav]Sephora CAUDRELIEZ[/code_cav][code_che]IN 2 YOU[/code_che][code_cen]COURSEULLES EQUITATION[/code_cen]","","0","","0.0000","0","0.0000","M","","10/Sephora CAUDRELIEZ","0","0","000","0.0000","min_order_level=""""|max_order_level=""""|step_order_level=""""|product_box=""""|","0","","1500","0","201414044_2014-06-10_24_EPR_2014-06-10_120231162_10","0","Cabourg 21/05 au 25/05<br/>Journée : 10 Juin<br/>Epreuve : 24/Préparatoire (1,05 m)<br/>Cheval : IN 2 YOU<br/>Club : COURSEULLES EQUITATION<br/>CRE : Normandie","0","KG","index.php?option=com_virtuemart&view=productdetails&virtuemart_product_id=198&virtuemart_category_id=227&Itemid=1","0.0000","KG","0.0000","1","","","1500","","*","10-sephora-caudreliez","","000","198","1"
"000","227","Cabourg 21/05 au 25/05/10 Juin/Préparatoire (1,05 m)","976","10/06/2014 12:54:40","","Titre de la page","","","","","","","000","1500","","","","","","","0","","0","0","30/11/-0001 00:09:21","0","mOOvIIdeo","","Author ","Meta Description du produit","Meta Mots-clés du produit ","","","976","10/06/2014 20:30:55","0","","","0","1500","1500","","30/11/-0001 00:09:21","","AFN","<table border=""0""><tbody><tr><td>[code_cavalier_ffe]0294174[/code_cavalier_ffe]</td><td>[code_cav]Jocelyne TANCRE[/code_cav]</td><td>[code_che]TANIA DE CHOLVING[/code_che]</td><td>[code_cen]L OREE DE LA FORET[/code_cen]</td></tr></tbody></table>","","0","","0.0000","0","0.0000","M","","2/Jocelyne TANCRE","0","0","000","0.0000","min_order_level=""""|max_order_level=""""|step_order_level=""""|product_box=""""|","0","","1500","0","201414044_2014-06-10_24_EPR_2014-06-10_125150159_2","0","Cabourg 21/05 au 25/05<br/>Journée : 10 Juin<br/>Epreuve : 24/Préparatoire (1,05 m)<br/>Cheval : TANIA DE CHOLVING<br/>Club : L OREE DE LA FORET<br/>CRE : Ile-de-France","0","KG","index.php?option=com_virtuemart&view=productdetails&virtuemart_product_id=199&virtuemart_category_id=227&Itemid=1","0.0000","KG","0.0000","1","","","1500","","*","2-jocelyne-tancre","","000","199","1"
"000","227","Cabourg 21/05 au 25/05/10 Juin/Préparatoire (1,05 m)","976","10/06/2014 18:17:13","","","","","","","","","000","1500","","","","","","","0","","0","0","30/11/-0001 00:09:21","0","mOOvIIdeo","","","","","","","976","10/06/2014 18:20:47","0","","","0","1500","1500","","30/11/-0001 00:09:21","","","[code_cavalier_ffe]5800049[/code_cavalier_ffe][code_cav]Emilie GUILLAUME[/code_cav][code_che]UNITED SHERKHAN[/code_che][code_cen]ECURIES DE LA VIRGINIA[/code_cen]","","","","0.0000","0","0.0000","M","","7/Emilie GUILLAUME","0","0","000","0.0000","min_order_level=""""|max_order_level=""""|step_order_level=""""|product_box=""""|","0","","1500","0","201414044_2014-06-10_24_EPR_2014-06-10_181535560_7","0","Cabourg 21/05 au 25/05<br/>Journée : 10 Juin<br/>Epreuve : 24/Préparatoire (1,05 m)<br/>Cheval : UNITED SHERKHAN<br/>Club : ECURIES DE LA VIRGINIA<br/>CRE : Ile-de-France","","KG","index.php?option=com_virtuemart&view=productdetails&virtuemart_product_id=203&virtuemart_category_id=227&Itemid=1","0.0000","KG","0.0000","1","","","1500","","*","7-emilie-guillaume","","000","203","1"
"000","227","Cabourg 21/05 au 25/05/10 Juin/Préparatoire (1,05 m)","976","10/06/2014 18:17:13","","","","","","","","","000","1500","","","","","","","0","","0","0","30/11/-0001 00:09:21","0","mOOvIIdeo","","","","","","","976","10/06/2014 18:20:47","0","","","0","1500","1500","","30/11/-0001 00:09:21","","","[code_cavalier_ffe]0087122[/code_cavalier_ffe][code_cav]Didier FRUCHET[/code_cav][code_che]ULIOR DU FIGUIER[/code_che][code_cen]L OREE DE LA FORET[/code_cen]","","","","0.0000","0","0.0000","M","","8/Didier FRUCHET","0","0","000","0.0000","min_order_level=""""|max_order_level=""""|step_order_level=""""|product_box=""""|","0","","1500","0","201414044_2014-06-10_24_EPR_2014-06-10_181542611_8","0","Cabourg 21/05 au 25/05<br/>Journée : 10 Juin<br/>Epreuve : 24/Préparatoire (1,05 m)<br/>Cheval : ULIOR DU FIGUIER<br/>Club : L OREE DE LA FORET<br/>CRE : Ile-de-France","","KG","index.php?option=com_virtuemart&view=productdetails&virtuemart_product_id=204&virtuemart_category_id=227&Itemid=1","0.0000","KG","0.0000","1","","","1500","","*","8-didier-fruchet","","000","204","1"
