"basepricewithtax","category_id","category_path","created_by","created_on","custom","customtitle","custom_ordering","custom_param","custom_price","custom_shipping","custom_title","custom_value","discountamount","discountedpricewithouttax","file_description","file_meta","file_ordering","file_title","file_url","file_url_thumb","hits","intnotes","layout","locked_by","locked_on","low_stock_notification","manufacturer_name","max_order_level","metaauthor","metadesc","metakey","metarobot","min_order_level","modified_by","modified_on","override","picture_url","picture_url_thumb","pordering","pricebeforetax","pricewithouttax","product_availability","product_available_date","product_box","product_currency","product_desc","product_discount","product_discount_id","product_gtin","product_height","product_in_stock","product_length","product_lwh_uom","product_mpn","product_name","product_ordered","product_ordering","product_override_price","product_packaging","product_params","product_parent_id","product_parent_sku","product_price","product_sales","product_sku","product_special","product_s_desc","product_tax_id","product_unit","product_url","product_weight","product_weight_uom","product_width","published","related_categories","related_products","salesprice","shopper_group_name","shopper_group_name_price","slug","step_order_level","taxamount","virtuemart_product_id","virtuemart_vendor_id"
"000","227","Cabourg 21/05 au 25/05/10 Juin/Préparatoire (1,05 m)","976","10/06/2014 12:54:40","","","","","","","","","000","1500","","","","","","","0","","0","0","30/11/-0001 00:09:21","0","mOOvIIdeo","","","","","","","976","10/06/2014 12:54:40","0","","","0","1500","1500","","30/11/-0001 00:09:21","","","[code_cavalier_ffe]0294174[/code_cavalier_ffe][code_cav]JocelyneTANCRE[/code_cav][code_che]TANIA DE CHOLVING[/code_che][code_cen]L OREE DE LA FORET[/code_cen]","","","","0.0000","0","0.0000","M","","2/Jocelyne TANCRE","0","0","000","0.0000","min_order_level=""""|max_order_level=""""|step_order_level=""""|product_box=""""|","0","","1500","0","201414044_2014-06-10_24_EPR_2014-06-10_125150159_2","0","Cabourg 21/05 au 25/05 / 10 Juin / Préparatoire (1,05 m) / TANIA DE CHOLVING / L OREE DE LA FORET / Ile-de-France","","KG","index.php?option=com_virtuemart&view=productdetails&virtuemart_product_id=199&virtuemart_category_id=227&Itemid=1","0.0000","KG","0.0000","1","","","1500","","*","2-jocelyne-tancre","","000","199","1"
"000","227","Cabourg 21/05 au 25/05/10 Juin/Préparatoire (1,05 m)","976","10/06/2014 12:54:40","","","","","","","","","000","1500","","","","","","","0","","0","0","30/11/-0001 00:09:21","0","mOOvIIdeo","","","","","","","976","10/06/2014 12:54:40","0","","","0","1500","1500","","30/11/-0001 00:09:21","","","[code_cavalier_ffe]0888446[/code_cavalier_ffe][code_cav]SylviaCAIL[/code_cav][code_che]SILVER DE CHAMPROSE[/code_che][code_cen]ECURIE DES ALLOIS[/code_cen]","","","","0.0000","0","0.0000","M","","3/Sylvia CAIL","0","0","000","0.0000","min_order_level=""""|max_order_level=""""|step_order_level=""""|product_box=""""|","0","","1500","0","201414044_2014-06-10_24_EPR_2014-06-10_125155001_3","0","Cabourg 21/05 au 25/05 / 10 Juin / Préparatoire (1,05 m) / SILVER DE CHAMPROSE / ECURIE DES ALLOIS / Ile-de-France","","KG","index.php?option=com_virtuemart&view=productdetails&virtuemart_product_id=200&virtuemart_category_id=227&Itemid=1","0.0000","KG","0.0000","1","","","1500","","*","3-sylvia-cail","","000","200","1"
"000","227","Cabourg 21/05 au 25/05/10 Juin/Préparatoire (1,05 m)","976","10/06/2014 12:54:40","","","","","","","","","000","1500","","","","","","","0","","0","0","30/11/-0001 00:09:21","0","mOOvIIdeo","","","","","","","976","10/06/2014 12:54:40","0","","","0","1500","1500","","30/11/-0001 00:09:21","","","[code_cavalier_ffe]2283949[/code_cavalier_ffe][code_cav]MelineeBREGAND[/code_cav][code_che]JOLICOEUR DES RUETTES[/code_che][code_cen]PONEY CLUB DE CABOURG[/code_cen]","","","","0.0000","0","0.0000","M","","4/Melinee BREGAND","0","0","000","0.0000","min_order_level=""""|max_order_level=""""|step_order_level=""""|product_box=""""|","0","","1500","0","201414044_2014-06-10_24_EPR_2014-06-10_125200404_4","0","Cabourg 21/05 au 25/05 / 10 Juin / Préparatoire (1,05 m) / JOLICOEUR DES RUETTES / PONEY CLUB DE CABOURG / Normandie","","KG","index.php?option=com_virtuemart&view=productdetails&virtuemart_product_id=201&virtuemart_category_id=227&Itemid=1","0.0000","KG","0.0000","1","","","1500","","*","4-melinee-bregand","","000","201","1"
"000","227","Cabourg 21/05 au 25/05/10 Juin/Préparatoire (1,05 m)","976","10/06/2014 12:54:40","","","","","","","","","000","1500","","","","","","","0","","0","0","30/11/-0001 00:09:21","0","mOOvIIdeo","","","","","","","976","10/06/2014 12:54:40","0","","","0","1500","1500","","30/11/-0001 00:09:21","","","[code_cavalier_ffe]0151780[/code_cavalier_ffe][code_cav]CarolineFRUCHET[/code_cav][code_che]RICKVAL[/code_che][code_cen]L OREE DE LA FORET[/code_cen]","","","","0.0000","0","0.0000","M","","6/Caroline FRUCHET","0","0","000","0.0000","min_order_level=""""|max_order_level=""""|step_order_level=""""|product_box=""""|","0","","1500","0","201414044_2014-06-10_24_EPR_2014-06-10_125204834_6","0","Cabourg 21/05 au 25/05 / 10 Juin / Préparatoire (1,05 m) / RICKVAL / L OREE DE LA FORET / Ile-de-France","","KG","index.php?option=com_virtuemart&view=productdetails&virtuemart_product_id=202&virtuemart_category_id=227&Itemid=1","0.0000","KG","0.0000","1","","","1500","","*","6-caroline-fruchet","","000","202","1"
"000","227","Cabourg 21/05 au 25/05/10 Juin/Préparatoire (1,05 m)","976","10/06/2014 12:54:40","","","","","","","","","000","1500","","","","","","","0","","0","0","30/11/-0001 00:09:21","0","mOOvIIdeo","","","","","","","976","10/06/2014 18:00:46","0","","","0","1500","1500","","30/11/-0001 00:09:21","","AFN","<p>[code_cavalier_ffe]0326857[/code_cavalier_ffe][code_cav]SephoraCAUDRELIEZ[/code_cav][code_che]IN 2 YOU[/code_che][code_cen]COURSEULLES EQUITATION[/code_cen]</p>","","0","","0.0000","0","0.0000","M","","10/Sephora CAUDRELIEZ","0","0","000","0.0000","min_order_level=""""|max_order_level=""""|step_order_level=""""|product_box=""""|","0","","1500","0","201414044_2014-06-10_24_EPR_2014-06-10_120231162_10","0","Cabourg 21/05 au 25/05 - Journée du 10 JuinPréparatoire (1,05 m)Cheval:IN 2 YOU / Club:COURSEULLES EQUITATION / CRE:Normandie","0","KG","index.php?option=com_virtuemart&view=productdetails&virtuemart_product_id=198&virtuemart_category_id=227&Itemid=1","0.0000","KG","0.0000","1","","","1500","","*","10-sephora-caudreliez","","000","198","1"
