"product_sku","product_name","manufacturer_name","product_price","related_products","category_path","product_parent_sku","published","product_in_stock"
"","02/Caroline BRISSET","One SHOT","000","","Canteleu 10/06 au 11/06/10-06/Formation 1","","1","0"
"1234567890","01/Jade FAUDEMER","MooVIDEO","1500","","Canteleu 10/06 au 11/06/10/06/Formation 1","","1","-3"
"1234567890","01/Jade FAUDEMER","MooVIDEO","2000","","Canteleu 10/06 au 11/06/10/06/Formation 1","","1","-3"
"1234567890","01/Jade FAUDEMER","MooVIDEO","200000","","Canteleu 10/06 au 11/06/10/06/Formation 1","","1","-3"
