"product_sku","product_name","manufacturer_name","product_price","related_products","category_path","product_parent_sku","published","product_in_stock"
"54a2104","05/Caroline BRISSET","One SHOT","0000","","Canteleu 10/06 au 11/06@10/06@Formation 2","","1","0"
"123sdfsd4654890","06/Pierre FAUDEMER","MooVIDEO","1500","","Canteleu 10/06 au 11/06@10/06@Formation 2","","1","-3"
"12qsdfsf67890","07/Didier FAUDEMER","MooVIDEO","2000","","Canteleu 10/06 au 11/06@10/06@Formation 2","","1","-3"
"12345sdfsdf32130","08/Béatrice BRISSET","MooVIDEO","3000","","Canteleu 10/06 au 11/06@10/06@Formation 2","","1","-3"
"54a2dsf","05/Caroline BRISSET","One SHOT","0000","","Canteleu 10/06 au 11/06@10/06@Formation 2","","1","0"
"123ssdfsdf54890","06/Pierre FAUDEMER","MooVIDEO","1500","","Canteleu 10/06 au 11/06@10/06@Formation 2","","1","-3"
"12312sdfsdf90","07/Didier FAUDEMER","MooVIDEO","2000","","Canteleu 10/06 au 11/06@10/06@Formation 2","","1","-3"
"12345sdqsdfjh130","08/Béatrice BRISSET","MooVIDEO","3000","","Canteleu 10/06 au 11/06@10/06@Formation 2","","1","-3"
"5qsd234523452345ff4","05/Caroline BRISSET","One SHOT","0000","","Canteleu 10/06 au 11/06@10/06@Formation 2","","1","0"
"123sdfdfdfdf890","06/Pierre FAUDEMER","MooVIDEO","1500","","Canteleu 10/06 au 11/06@10/06@Formation 2","","1","-3"
"12312fsf66788","07/Didier FAUDEMER","MooVIDEO","2000","","Canteleu 10/06 au 11/06@10/06@Formation 2","","1","-3"
"12345sd678f32130","08/Béatrice BRISSET","MooVIDEO","3000","","Canteleu 10/06 au 11/06@10/06@Formation 2","","1","-3"
"5478874","05/Caroline BRISSET","One SHOT","0000","","Canteleu 10/06 au 11/06@10/06@Formation 2","","1","0"
"123678678678890","06/Pierre FAUDEMER","MooVIDEO","1500","","Canteleu 10/06 au 11/06@10/06@Formation 2","","1","-3"
"12312f4528290","07/Didier FAUDEMER","MooVIDEO","2000","","Canteleu 10/06 au 11/06@10/06@Formation 2","","1","-3"
"12345sd675828130","08/Béatrice BRISSET","MooVIDEO","3000","","Canteleu 10/06 au 11/06@10/06@Formation 2","","1","-3"
"5456764","05/Caroline BRISSET","One SHOT","0000","","Canteleu 10/06 au 11/06@10/06@Formation 2","","1","0"
"123367856854890","06/Pierre FAUDEMER","MooVIDEO","1500","","Canteleu 10/06 au 11/06@10/06@Formation 2","","1","-3"
"12312fs345670","07/Didier FAUDEMER","MooVIDEO","2000","","Canteleu 10/06 au 11/06@10/06@Formation 2","","1","-3"
"1234534563432130","08/Béatrice BRISSET","MooVIDEO","3000","","Canteleu 10/06 au 11/06@10/06@Formation 2","","1","-3"
"4564564564564","05/Caroline BRISSET","One SHOT","0000","","Canteleu 10/06 au 11/06@10/06@Formation 2","","1","0"
"123sdfsd4456456654890","06/Pierre FAUDEMER","MooVIDEO","1500","","Canteleu 10/06 au 11/06@10/06@Formation 2","","1","-3"
"12312254662fsf67890","07/Didier FAUDEMER","MooVIDEO","2000","","Canteleu 10/06 au 11/06@10/06@Formation 2","","1","-3"
"12345sdfs23562456df32130","08/Béatrice BRISSET","MooVIDEO","3000","","Canteleu 10/06 au 11/06@10/06@Formation 2","","1","-3"